model,params,search_seconds,fit_seconds,score_seconds,CV_AP_mean,CV_AP_std,CV_ROC_AUC_mean,CV_ROC_AUC_std,CV_precision_mean,CV_precision_std,CV_recall_mean,CV_recall_std,CV_F1_mean,CV_F1_std
RandomForest,"{""model__max_depth"": null}",42.11014770699967,4.874112319946289,0.39950923919677733,0.3831855447224576,0.0315932596252757,0.7724876832347578,0.017348320024455407,0.5807491582491582,0.10970769435863365,0.05898639237115612,0.013626703445702087,0.10705440764691691,0.024294020576982916
LightGBM,"{""model__num_leaves"": 7}",3.8770518549999906,0.25430049896240237,0.07838659286499024,0.3789758676283598,0.020712425710984812,0.776969533907782,0.014205969189351395,0.5682361608219731,0.1010943666865624,0.05505625200900033,0.012017876220485089,0.1001050114013113,0.02095398084951189
XGBoost,"{""model__max_depth"": 4}",4.120733126999767,0.3468513011932373,0.060976409912109376,0.3763816803122468,0.01946356040117827,0.7767396311678614,0.012974485239534716,0.5193399236727142,0.06874715442311048,0.064883745848066,0.014455973272855758,0.11518162730492139,0.024472904338551527
CatBoost,"{""model__depth"": 6}",8.141233383999861,0.7736417770385742,0.06345510482788086,0.37354095066305615,0.028375173780672114,0.7768221725548731,0.01796808095361832,0.5142591218305503,0.10136890246993756,0.07537340619307832,0.024477079244395197,0.13070384181033937,0.04051389515442815
GradientBoosting,"{""model__max_depth"": 3}",29.50300974799984,2.972561073303223,0.05798072814941406,0.37154263944502564,0.023033585850087673,0.7730828149877782,0.014967170757178535,0.5026369687660011,0.0715122828614626,0.05177756348441015,0.007909630611343607,0.09357517372694032,0.013278044880051654
LogisticRegression,{},2.8765726959995845,0.37757315635681155,0.0722238540649414,0.3277993785688845,0.026776256973325016,0.7433646707966316,0.022540145477982557,0.4868627450980392,0.07724515125251213,0.03210971820422158,0.003820138570500225,0.060120324727099536,0.006770682061095593
DecisionTree,{},2.8698417059999883,0.3012568473815918,0.20676321983337403,0.32522778317476986,0.01779582927000311,0.7392176796883145,0.015239229490899744,0.4773453245923367,0.0989221870670857,0.0648858887817422,0.022104902985092288,0.11358479688624738,0.03637411030436007
BernoulliNB,"{""model__alpha"": 1.0}",1.5897833349999928,0.08263568878173828,0.058386611938476565,0.31744710633799494,0.029955205739333416,0.7380647231867499,0.01898235655992057,0.28594953432397396,0.011755608252787113,0.5596378442087218,0.01613116437107194,0.3784339688918416,0.0132344933914049
SVM_rbf,"{""model__C"": 1.0, ""model__gamma"": ""scale""}",94.80446235799991,4.661542129516602,2.0492422103881838,0.300686632834905,0.01396641768886308,0.6800276176023564,0.012898554897361424,0.3,0.39999999999999997,0.003278688524590164,0.00414724939038476,0.006464384092503954,0.008161205234371222
SVM_linear,"{""model__C"": 1.0}",19.036345491999782,1.4618069648742675,0.412839937210083,0.25904680011579506,0.008623907115057916,0.6657432130424172,0.016669667084758026,0.0,0.0,0.0,0.0,0.0,0.0
Dummy,{},1.319731787999899,0.09879717826843262,0.14397053718566893,0.1562884024577573,0.00019923684608644864,0.5,0.0,0.0,0.0,0.0,0.0,0.0,0.0
